{
    "srchMsgRsHdr": {
        "jXLogTrackingId": "cd36c5ea-afc5-4850-b28d-3be260ed5746",
        "instRtId": "0",
        "instEnv": "2021510",
        "auditUsrId": "JAGILLIAM",
        "auditWsId": "JCZF453",
        "sentRec": 9,
        "moreRec": false,
        "cursor": 0,
        "totRec": 36
    },
    "acctId": "6001",
    "acctType": "S",
    "availableBalance":{
        "category":"Available Balance",
        "activityType":"Available Balance"
       
    },
    "collectedBalance":{
        "category":"Collected Balance",
        "activityType":"Collected Balance",
        "balance":89000
       
    },
    "ledgerBalance":{
        "category":"Ledger Balance",
        "activityType":"Ledger Balance",
        "balance":14578
       
    },
    "acctBalInqRecArray":[
        {
             "category":"Available Balance",
             "activityType":"Previous Day's Balance",
             "debits": 0,
             "credits": 100,
             "balance": 100,
             "isCreditIncluded":true,
             "isDebitIncluded":false
        },
        {
            "category":"Available Balance",
            "activityType":"Items Posted",
            "debits": 200,
            "credits": 400,
            "balance": 200,
            "isCreditIncluded":true,
            "isDebitIncluded":true
       },
       {
        "category":"Available Balance",
        "activityType":"ACH",
        "debits": 200,
        "credits": 0,
        "balance": 0,
        "isCreditIncluded":false,
        "isDebitIncluded":false
       },
       {
        "category":"Available Balance",
        "activityType":"Float",
        "debits": 0,
        "credits": 400,
        "balance": 0,
        "isCreditIncluded":false,
        "isDebitIncluded":false
       },
       {
        "category":"Available Balance",
        "activityType":"Overdraft Protection",
        "debits": 0,
        "credits": 400,
        "balance": 400,
        "isCreditIncluded":true,
        "isDebitIncluded":false
       },
       {
        "category":"Available Balance",
        "activityType":"OD Limit Code",
        "debits": 150,
        "credits": -150,
        "balance": 0,
        "isCreditIncluded":true,
        "isDebitIncluded":true
       },
       {
        "category":"Available Balance",
        "activityType":"POD",
        "debits": 0,
        "credits": 0,
        "balance": 0,
        "isCreditIncluded":false,
        "isDebitIncluded":false
       },
       {
        "category":"Available Balance",
        "activityType":"ATM",
        "debits": 200,
        "credits": 400,
        "balance": 200,
        "isCreditIncluded":true,
        "isDebitIncluded":true
       },
       {
        "category":"Available Balance",
        "activityType":"Teller",
        "debits": 0,
        "credits": 0,
        "balance": 0,
        "isCreditIncluded":false,
        "isDebitIncluded":false
       },
       {
        "category":"Available Balance",
        "activityType":"Sweep Balances",
        "debits": 0,
        "credits": 150,
        "balance": 0,
        "isCreditIncluded":false,
        "isDebitIncluded":false
       },
       {
        "category":"Available Balance",
        "activityType":"Bounce Protection",
        "debits": 0,
        "credits": 0,
        "balance": 0,
        "isCreditIncluded":false,
        "isDebitIncluded":false
       },
       {
        "category":"Available Balance",
        "activityType":"Investment Funds",
        "debits": 0,
        "credits": 0, 
        "balance": 0,
        "isCreditIncluded":false,
        "isDebitIncluded":false
       },
       {
        "category":"Available Balance",
        "activityType":"Holds",
        "debits": 0,
        "credits": 0,
        "balance": 0,
        "isCreditIncluded":false,
        "isDebitIncluded":false
       },
       {
        "category":"Collected Balance",
        "activityType":"Previous Day's Balance",
        "debits": 0,
        "credits": 3757,
        "balance": 3757,
        "isCreditIncluded":true,
        "isDebitIncluded":false
       },
       {
        "category":"Collected Balance",
        "activityType":"Memo Posted",
        "debits": 0,
        "credits": 0,
        "balance": 0,
        "isCreditIncluded":true,
        "isDebitIncluded":true
       },
       {
        "category":"Collected Balance",
        "activityType":"Items Posted",
        "debits": 500,
        "credits": 1000,
        "balance": 500,
        "isCreditIncluded":true,
        "isDebitIncluded":true
       },
       {
        "category":"Collected Balance",
        "activityType":"POD",
        "debits": 0,
        "credits": 0,
        "balance": 0,
        "isCreditIncluded":false,
        "isDebitIncluded":false
       },
       {
        "category":"Collected Balance",
        "activityType":"ACH",
        "debits": 100,
        "credits": 200,
        "balance": 100,
        "isCreditIncluded":true,
        "isDebitIncluded":true
       },
       {
        "category":"Collected Balance",
        "activityType":"ATM",
        "debits": 200,
        "credits": 400,
        "balance": 200,
        "isCreditIncluded":true,
        "isDebitIncluded":true
       },
       {
        "category":"Collected Balance",
        "activityType":"Teller",
        "debits": 0,
        "credits": 100,
        "balance": 100,
        "isCreditIncluded":true,
        "isDebitIncluded":false
       },
       {
        "category":"Ledger Balance",
        "activityType":"Previous Day's Balance",
        "debits": 0,
        "credits": -4500,
        "balance": -4500,
        "isCreditIncluded":true,
        "isDebitIncluded":false
       },
       {
        "category":"Ledger Balance",
        "activityType":"Memo Posted",
        "debits": 1000,
        "credits": 2000,
        "balance": 1000,
        "isCreditIncluded":true,
        "isDebitIncluded":true
       },
       {
        "category":"Ledger Balance",
        "activityType":"POD",
        "debits": 0,
        "credits": 0,
        "balance": 0,
        "isCreditIncluded":false,
        "isDebitIncluded":false
       },
       {
        "category":"Ledger Balance",
        "activityType":"ACH",
        "debits": 100,
        "credits": 200,
        "balance": 100,
        "isCreditIncluded":true,
        "isDebitIncluded":true
       },
       {
        "category":"Ledger Balance",
        "activityType":"ATM",
        "debits": 200,
        "credits": 400,
        "balance": 200,
        "isCreditIncluded":true,
        "isDebitIncluded":true
       },
       {
        "category":"Ledger Balance",
        "activityType":"Teller",
        "debits": 0,
        "credits": 0,
        "balance": 0,
        "isCreditIncluded":false,
        "isDebitIncluded":false
       }
    ],
    "viewParameter": {
        "viewName": "balance calculations",
        "parameters" : [
            {
                "id": "category",
                "isSupported": true,
                 "attributes":{
                    "isHidden": false
                 }
            }
        ]
    }
}
