{
    "srchMsgRsHdr": {
        "jXLogTrackingId": "cd36c5ea-afc5-4850-b28d-3be260ed5746",
        "instRtId": "0",
        "instEnv": "2021510",
        "auditUsrId": "JAGILLIAM",
        "auditWsId": "JCZF453",
        "sentRec": 9,
        "moreRec": false,
        "cursor": 0,
        "totRec": 891
    },
    "intnetFinInstId": "788200000343",
    "intnetAccessInfoRecord": {
        "acctIdAccess": "RelAcctId",
        "relCodeAccessArray": [
            {
                "acctRelCode": "P",
                "acctRelDesc": "Primary"
            },
            {
                "acctRelCode": "J",
                "acctRelDesc": "Joint"
            }
        ],
        "acctIdAccessArray": [
            {
                "acctId": "1005",
                "acctType": "D",
                "accessAlw": "Y",
                "prodCode": "1",
                "prodDesc": "3x5 Box",
                "acctRelCode": "P",
                "acctRelDesc": "Primary",
                "rmk": "Alert Msg",
                "aliasAcctName": "3x5 Box         0001",
                "acctElecDocType": "N",
                "feeChgStmtType": "Y",
                "stopPmtAddAnlysId": "0",
                "xferFromAnlysId": "0",
                "stmtRetrvAnlysId": "0",
                "stmtRetrvFeeAmt":400,
                "stopPmtAddFeeAmt":100
            },
            {
                "acctId": "1007",
                "acctType": "S",
                "accessAlw": "Y",
                "prodCode": "2",
                "prodDesc": "5x5 Box",
                "acctRelCode": "P",
                "acctRelDesc": "Primary",
                "aliasAcctName": "5x5 Box         0002",
                "acctElecDocType": "N",
                "feeChgStmtType": "Y",
                "stopPmtAddAnlysId": "0",
                "xferFromAnlysId": "0",
                "stmtRetrvAnlysId": "0",
                "stmtRetrvFeeAmt":500.50,
                "stopPmtAddFeeAmt":150
            },
            {
                "acctId": "514",
                "acctType": "D",
                "accessAlw": "Y",
                "prodCode": "MP",
                "prodDesc": "MMKT Pls",
                "acctRelCode": "P",
                "acctRelDesc": "Joint",
                "aliasAcctName": "MMKT Pls        0003",
                "acctElecDocType": "N",
                "feeChgStmtType": "Y",
                "stopPmtAddAnlysId": "0",
                "xferFromAnlysId": "0",
                "stmtRetrvAnlysId": "0",
                "stmtRetrvFeeAmt":200,
                "stopPmtAddFeeAmt":300
            },
            {
                "acctId": "1234",
                "acctType": "D",
                "accessAlw": "Y",
                "prodCode": "NC",
                "prodDesc": "NOW Acct",
                "acctRelCode": "P",
                "acctRelDesc": "Primary",
                "rmk": "Alert Msg",
                "aliasAcctName": "NOW Acct        0004",
                "acctElecDocType": "N",
                "feeChgStmtType": "Y",
                "stopPmtAddAnlysId": "0",
                "xferFromAnlysId": "0",
                "stmtRetrvAnlysId": "0",
                 "stmtRetrvFeeAmt":300,
                 "stopPmtAddFeeAmt":400
            },
            {
                "acctId": "12901",
                "acctType": "D",
                "accessAlw": "Y",
                "prodCode": "FC",
                "prodDesc": "Reg DDA",
                "acctRelDesc": "Selected",
                "rmk": "Kim Robinson       *",
                "aliasAcctName": "Reg DDA         0006",
                "acctElecDocType": "N",
                "feeChgStmtType": "Y",
                "stopPmtAddAnlysId": "0",
                "xferFromAnlysId": "0",
                "stmtRetrvAnlysId": "0",
                "stmtRetrvFeeAmt":100,
                "stopPmtAddFeeAmt":300
            },
            {
                "acctId": "12880",
                "acctType": "D",
                "accessAlw": "Y",
                "prodCode": "FC",
                "prodDesc": "Reg DDA",
                "acctRelDesc": "Selected",
                "rmk": "Marla K Smith",
                "aliasAcctName": "Reg DDA         034",
                "acctElecDocType": "N",
                "feeChgStmtType": "Y",
                "lnPmtAlw": "PrinIntPmt",
                "stopPmtAddAnlysId": "0",
                "xferFromAnlysId": "0",
                "stmtRetrvAnlysId": "0",
                 "stmtRetrvFeeAmt":500,
                 "stopPmtAddFeeAmt":500
            },
            {
                "acctId": "1234",
                "acctType": "L",
                "accessAlw": "N",
                "prodCode": "11",
                "prodDesc": "Cons 365",
                "acctRelCode": "C",
                "acctRelDesc": "Co-signor",
                "rmk": "Alert Msg          *",
                "acctElecDocType": "N",
                "feeChgStmtType": "N",
                "stopPmtAddAnlysId": "0",
                "xferFromAnlysId": "0",
                "stmtRetrvAnlysId": "0",
                "xferFromFeeAmt":200
            },
            {
                "acctId": "2005",
                "acctType": "L",
                "accessAlw": "N",
                "prodCode": "25",
                "prodDesc": "RE Amort",
                "acctRelCode": "J",
                "acctRelDesc": "Joint",
                "rmk": "Paid Off           *",
                "acctElecDocType": "N",
                "feeChgStmtType": "N",
                "stopPmtAddAnlysId": "0",
                "xferFromAnlysId": "0",
                "stmtRetrvAnlysId": "0",
                "xferFromFeeAmt":300
            }
        ]
    }
}