{
    "srchMsgRsHdr": {
        "jXLogTrackingId": "cd36c5ea-afc5-4850-b28d-3be260ed5746",
        "instRtId": "0",
        "instEnv": "2021510",
        "auditUsrId": "JAGILLIAM",
        "auditWsId": "JCZF453",
        "sentRec": 9,
        "moreRec": false,
        "cursor": 0,
        "totRec": 891
    },
    "showACHAutoReturn": false,
    "multipleAccountInfoRecords": [
        {
            "accountDescription": "6 MO <100M",
            "accountStatus": "Matured",
            "acctId": "123",
            "acctType": "D",
            "currentBalance": 14,
            "amount": 14,
            "multipleAcctTypeDesc": "Holding Account",
            "originalAccountType": "LnAcctInfo.HldAcctId",
            "personName": ""
        },
        {
            "accountDescription": "Regular D",
            "accountStatus": "Active",
            "acctId": "88880",
            "acctType": "L",
            "currentBalance": 1458083.8,
            "amount": 1458083.8,
            "multipleAcctTypeDesc": "Protection Account",
            "originalAccountType": "LnProtInfo.ProtAcctId",
            "personName": "Betty Adams....................Cust name"
        },
        {
            "accountDescription": "Regular D",
            "accountStatus": "Active",
            "acctId": "22",
            "acctType": "D",
            "currentBalance": 114556.25,
            "amount": 114556.25,
            "multipleAcctTypeDesc": "Protection Account",
            "originalAccountType": "LnProtInfo.ProtAcctId",
            "personName": "A & B TV Sales and Service"
        },
        {
            "accountDescription": "Regular D",
            "accountStatus": "Active",
            "acctId": "88880",
            "acctType": "L",
            "currentBalance": 1458083.8,
            "amount": 1458083.8,
            "multipleAcctTypeDesc": "Protection Account",
            "originalAccountType": "LnProtInfo.ProtAcctId",
            "personName": "Betty Adams....................Cust name"
        },
        {
            "accountDescription": "Regular D",
            "accountStatus": "Active",
            "acctId": "22",
            "acctType": "D",
            "currentBalance": 114556.25,
            "amount": 114556.25,
            "multipleAcctTypeDesc": "Protection Account",
            "originalAccountType": "LnProtInfo.ProtAcctId",
            "personName": "A & B TV Sales and Service"
        },
        {
            "accountDescription": "Regular D",
            "accountStatus": "Active",
            "acctId": "88880",
            "acctType": "L",
            "currentBalance": 1458083.8,
            "amount": 1458083.8,
            "multipleAcctTypeDesc": "Protection Account",
            "originalAccountType": "LnProtInfo.ProtAcctId",
            "personName": "Betty Adams....................Cust name"
        },
        {
            "accountDescription": "Regular D",
            "accountStatus": "Active",
            "acctId": "22",
            "acctType": "D",
            "currentBalance": 114556.25,
            "amount": 114556.25,
            "multipleAcctTypeDesc": "Protection Account",
            "originalAccountType": "LnProtInfo.ProtAcctId",
            "personName": "A & B TV Sales and Service"
        },
        {
            "accountDescription": "Regular D",
            "accountStatus": "Active",
            "acctId": "22",
            "acctType": "D",
            "currentBalance": 114556.25,
            "amount": 114556.25,
            "multipleAcctTypeDesc": "Protection Account",
            "originalAccountType": "LnProtInfo.ProtAcctId",
            "personName": "A & B TV Sales and Service"
        },
        {
            "accountDescription": "Regular D",
            "accountStatus": "Active",
            "acctId": "88880",
            "acctType": "L",
            "currentBalance": 1458083.8,
            "amount": 1458083.8,
            "multipleAcctTypeDesc": "Protection Account",
            "originalAccountType": "LnProtInfo.ProtAcctId",
            "personName": "Betty Adams....................Cust name"
        },
        {
            "accountDescription": "Regular D",
            "accountStatus": "Active",
            "acctId": "22",
            "acctType": "D",
            "currentBalance": 114556.25,
            "amount": 114556.25,
            "multipleAcctTypeDesc": "Protection Account",
            "originalAccountType": "LnProtInfo.ProtAcctId",
            "personName": "A & B TV Sales and Service"
        },
        {
            "accountDescription": "Regular D",
            "accountStatus": "Active",
            "acctId": "88880",
            "acctType": "L",
            "currentBalance": 1458083.8,
            "amount": 1458083.8,
            "multipleAcctTypeDesc": "Protection Account",
            "originalAccountType": "LnProtInfo.ProtAcctId",
            "personName": "Betty Adams....................Cust name"
        },
        {
            "accountDescription": "Regular D",
            "accountStatus": "Active",
            "acctId": "22",
            "acctType": "D",
            "currentBalance": 114556.25,
            "amount": 114556.25,
            "multipleAcctTypeDesc": "Protection Account",
            "originalAccountType": "LnProtInfo.ProtAcctId",
            "personName": "A & B TV Sales and Service"
        },
        {
            "accountDescription": "Regular D",
            "accountStatus": "Active",
            "acctId": "88880",
            "acctType": "L",
            "currentBalance": 1458083.8,
            "amount": 1458083.8,
            "multipleAcctTypeDesc": "Protection Account",
            "originalAccountType": "LnProtInfo.ProtAcctId",
            "personName": "Betty Adams....................Cust name"
        },
        {
            "accountDescription": "Regular D",
            "accountStatus": "Active",
            "acctId": "22",
            "acctType": "D",
            "currentBalance": 114556.25,
            "amount": 114556.25,
            "multipleAcctTypeDesc": "Protection Account",
            "originalAccountType": "LnProtInfo.ProtAcctId",
            "personName": "A & B TV Sales and Service"
        },
        {
            "accountDescription": "Regular D",
            "accountStatus": "Active",
            "acctId": "88880",
            "acctType": "L",
            "currentBalance": 1458083.8,
            "amount": 1458083.8,
            "multipleAcctTypeDesc": "Protection Account",
            "originalAccountType": "LnProtInfo.ProtAcctId",
            "personName": "Betty Adams....................Cust name"
        },
        {
            "accountDescription": "Regular D",
            "accountStatus": "Active",
            "acctId": "22",
            "acctType": "D",
            "currentBalance": 114556.25,
            "amount": 114556.25,
            "multipleAcctTypeDesc": "Protection Account",
            "originalAccountType": "LnProtInfo.ProtAcctId",
            "personName": "A & B TV Sales and Service"
        },
        {
            "accountDescription": "Regular D",
            "accountStatus": "Active",
            "acctId": "88880",
            "acctType": "L",
            "currentBalance": 1458083.8,
            "amount": 1458083.8,
            "multipleAcctTypeDesc": "Protection Account",
            "originalAccountType": "LnProtInfo.ProtAcctId",
            "personName": "Betty Adams....................Cust name"
        },
        {
            "accountDescription": "Regular D",
            "accountStatus": "Active",
            "acctId": "22",
            "acctType": "D",
            "currentBalance": 114556.25,
            "amount": 114556.25,
            "multipleAcctTypeDesc": "Protection Account",
            "originalAccountType": "LnProtInfo.ProtAcctId",
            "personName": "A & B TV Sales and Service"
        },
        {
            "accountDescription": "Regular D",
            "accountStatus": "Active",
            "acctId": "88880",
            "acctType": "L",
            "currentBalance": 1458083.8,
            "amount": 1458083.8,
            "multipleAcctTypeDesc": "Protection Account",
            "originalAccountType": "LnProtInfo.ProtAcctId",
            "personName": "Betty Adams....................Cust name"
        },
        {
            "accountDescription": "Regular D",
            "accountStatus": "Active",
            "acctId": "22",
            "acctType": "D",
            "currentBalance": 114556.25,
            "amount": 114556.25,
            "multipleAcctTypeDesc": "Protection Account",
            "originalAccountType": "LnProtInfo.ProtAcctId",
            "personName": "A & B TV Sales and Service"
        },
        {
            "accountDescription": "Regular D",
            "accountStatus": "Active",
            "acctId": "88880",
            "acctType": "L",
            "currentBalance": 1458083.8,
            "amount": 1458083.8,
            "multipleAcctTypeDesc": "Protection Account",
            "originalAccountType": "LnProtInfo.ProtAcctId",
            "personName": "Betty Adams....................Cust name"
        },
        {
            "accountDescription": "Regular D",
            "accountStatus": "Active",
            "acctId": "22",
            "acctType": "D",
            "currentBalance": 114556.25,
            "amount": 114556.25,
            "multipleAcctTypeDesc": "Protection Account",
            "originalAccountType": "LnProtInfo.ProtAcctId",
            "personName": "A & B TV Sales and Service"
        },
        {
            "accountDescription": "Regular D",
            "accountStatus": "Active",
            "acctId": "88880",
            "acctType": "L",
            "currentBalance": 1458083.8,
            "amount": 1458083.8,
            "multipleAcctTypeDesc": "Protection Account",
            "originalAccountType": "LnProtInfo.ProtAcctId",
            "personName": "Betty Adams....................Cust name"
        },
        {
            "accountDescription": "Regular D",
            "accountStatus": "Active",
            "acctId": "22",
            "acctType": "D",
            "currentBalance": 114556.25,
            "amount": 114556.25,
            "multipleAcctTypeDesc": "Protection Account",
            "originalAccountType": "LnProtInfo.ProtAcctId",
            "personName": "A & B TV Sales and Service"
        },
        {
            "accountDescription": "Regular D",
            "accountStatus": "Active",
            "acctId": "88880",
            "acctType": "L",
            "currentBalance": 1458083.8,
            "amount": 1458083.8,
            "multipleAcctTypeDesc": "Protection Account",
            "originalAccountType": "LnProtInfo.ProtAcctId",
            "personName": "Betty Adams....................Cust name"
        },
        {
            "accountDescription": "Regular D",
            "accountStatus": "Active",
            "acctId": "22",
            "acctType": "D",
            "currentBalance": 114556.25,
            "amount": 114556.25,
            "multipleAcctTypeDesc": "Protection Account",
            "originalAccountType": "LnProtInfo.ProtAcctId",
            "personName": "A & B TV Sales and Service"
        },
        {
            "accountDescription": "Regular D",
            "accountStatus": "Active",
            "acctId": "88880",
            "acctType": "L",
            "currentBalance": 1458083.8,
            "amount": 1458083.8,
            "multipleAcctTypeDesc": "Protection Account",
            "originalAccountType": "LnProtInfo.ProtAcctId",
            "personName": "Betty Adams....................Cust name"
        },
        {
            "accountDescription": "Regular D",
            "accountStatus": "Active",
            "acctId": "22",
            "acctType": "D",
            "currentBalance": 114556.25,
            "amount": 114556.25,
            "multipleAcctTypeDesc": "Protection Account",
            "originalAccountType": "LnProtInfo.ProtAcctId",
            "personName": "A & B TV Sales and Service"
        },
        {
            "accountDescription": "Regular D",
            "accountStatus": "Active",
            "acctId": "88880",
            "acctType": "L",
            "currentBalance": 1458083.8,
            "amount": 1458083.8,
            "multipleAcctTypeDesc": "Protection Account",
            "originalAccountType": "LnProtInfo.ProtAcctId",
            "personName": "Betty Adams....................Cust name"
        },
        {
            "accountDescription": "Regular D",
            "accountStatus": "Active",
            "acctId": "22",
            "acctType": "D",
            "currentBalance": 114556.25,
            "amount": 114556.25,
            "multipleAcctTypeDesc": "Protection Account",
            "originalAccountType": "LnProtInfo.ProtAcctId",
            "personName": "A & B TV Sales and Service"
        },
        {
            "accountDescription": "Regular D",
            "accountStatus": "Active",
            "acctId": "22",
            "acctType": "D",
            "currentBalance": 114556.25,
            "amount": 114556.25,
            "multipleAcctTypeDesc": "Cycle Account",
            "originalAccountType": "LnProtInfo.LOCCycleAcctId",
            "personName": "A & B TV Sales and Service"
        },
        {
            "accountDescription": "D",
            "accountStatus": "Charged Off",
            "acctId": "1212",
            "acctType": "D",
            "currentBalance": -49421.61,
            "amount": -49421.61,
            "multipleAcctTypeDesc": "Debit Account",
            "originalAccountType": "LnProtInfo.DrAcctId",
            "personName": "CATHERINE BAYLOR"
        }
    ],
    "addProtectionAccountTypes": [
        {
            "displayName": "Protection Account",
            "typeCode": "ProtectionAccount",
            "shortDesc": "",
            "synergyCabinet": "",
            "iconType": ""
        },
        {
            "displayName": "Holding Account",
            "typeCode": "HoldingAccount",
            "shortDesc": "",
            "synergyCabinet": "",
            "iconType": ""
        },
        {
            "displayName": "Debit Account",
            "typeCode": "DebitAccount",
            "shortDesc": "",
            "synergyCabinet": "",
            "iconType": ""
        },
        {
            "displayName": "Cycle Account",
            "typeCode": "CycleAccount",
            "shortDesc": "",
            "synergyCabinet": "",
            "iconType": ""
        }
    ]
}