{
  "srchMsgRsHdr": {
    "jXLogTrackingId": "cd36c5ea-afc5-4850-b28d-3be260ed5746",
    "instRtId": "0",
    "instEnv": "2021510",
    "auditUsrId": "JAGILLIAM",
    "auditWsId": "JCZF453",
    "sentRec": 9,
    "moreRec": false,
    "cursor": 0,
    "totRec": 891
  },
  "accountDetails": [
    {
      "acctId": "91009",
      "acctType": "D",
      "name": "A&B TV Sales and Service"
    },
    {
      "acctId": "88880",
      "acctType": "D",
      "name": "A&B TV Sales and Service"
    },
    {
      "acctId": "88180",
      "acctType": "D",
      "name": "A&B TV Sales and Service"
    }
  ]
}
