{
  "srchMsgRsHdr": {
    "jXLogTrackingId": "cd36c5ea-afc5-4850-b28d-3be260ed5746",
    "instRtId": "0",
    "instEnv": "2021510",
    "auditUsrId": "JAGILLIAM",
    "auditWsId": "JCZF453",
    "sentRec": 9,
    "moreRec": false,
    "cursor": 0,
    "totRec": 891
  },
  "achFilterInquiryInformation": {
    "allowPostivePayTypeField": "Yes",
    "achAllowAllDebitsField": "Yes",
    "achAlllowAllCreditsField": "Yes",
    "achFilterOneTimeSetupField": 0,
    "achFilterStatementCycleChangeField": 0,
    "achFilterPerExceptionItemField": 0,
    "achFilterAacounterOneTimeSetupField": 0,
    "achFilterAacounterStatementCycleChangeField": 0,
    "achFilterAacounterPerExceptionItemField": 0
  }
}
