{
  "srchMsgRsHdr": {
    "jXLogTrackingId": "cd36c5ea-afc5-4850-b28d-3be260ed5746",
    "instRtId": "0",
    "instEnv": "2021510",
    "auditUsrId": "JAGILLIAM",
    "auditWsId": "JCZF453",
    "sentRec": 9,
    "moreRec": false,
    "cursor": 0,
    "totRec": 891
  },
  "showACHAutoReturn": false,
  "achFilterInquirySearchRecord": {
    "achFilterInquiryInformation": {
      "allowPostivePayTypeField": "Yes",
      "achAllowAllDebitsField": "Yes",
      "achAlllowAllCreditsField": "Yes",
      "achFilterOneTimeSetupField": 42,
      "achFilterStatementCycleChangeField": 40,
      "achFilterPerExceptionItemField": 0,
      "achFilterAacounterOneTimeSetupField": 0,
      "achFilterAacounterStatementCycleChangeField": 0,
      "achFilterAacounterPerExceptionItemField": 0
    },
    "exceptionItems": [
      {
        "achFilterStateType": "Active",
        "achCompanyId": "123",
        "achCompanyName": "ABC company",
        "achStandardEntryClassDesc": "POS-Point of Sale",
        "achStandardEntryClass": "POS",
        "lowAmount": 19.0,
        "highAmount": 100.0,
        "exceptionItemId": "abcrd235",
        "achBankingRountingNumber": 0,
        "achAllowTransactionType": "Credits",
        "achCompanyAllowType": "Disallow",
        "expirationDate": "2022-07-21",
        "achFilterRemark": "Test Data",
        "achCompanyFilterid": "abcrd235",
        "isModified": "",
        "changeStatus": "None"
      },
      {
        "achFilterStateType": "Active",
        "achCompanyId": "123",
        "achCompanyName": "xyz company",
        "achStandardEntryClassDesc": "POS-Point of Sale",
        "achStandardEntryClass": "POS",
        "lowAmount": 999.0,
        "highAmount": 10000.0,
        "achBankingRountingNumber": 0,
        "achAllowTransactionType": "Debits",
        "achCompanyAllowType": "Disallow",
        "expirationDate": "2022-07-21",
        "achFilterRemark": "Test Data",
        "achCompanyFilterid": "abcrd236",
        "exceptionItemId": "abcrd236",
        "isModified": "",
        "changeStatus": "None"
      },
      {
        "achFilterStateType": "Active",
        "achCompanyId": "123",
        "achCompanyName": "DEF company",
        "achStandardEntryClassDesc": "POS-Point of Sale",
        "achStandardEntryClass": "POS",
        "lowAmount": 9.0,
        "highAmount": 10.0,
        "achBankingRountingNumber": 0,
        "achAllowTransactionType": "Credits",
        "achCompanyAllowType": "Disallow",
        "expirationDate": "2022-07-21",
        "achFilterRemark": "Test Data",
        "achCompanyFilterid": "abcrd237",
        "exceptionItemId": "abcrd237",
        "isModified": "",
        "changeStatus": "None"
      },
      {
        "achFilterStateType": "Active",
        "achCompanyId": "123",
        "achCompanyName": "GHJ company",
        "achStandardEntryClassDesc": "POS-Point of Sale",
        "achStandardEntryClass": "POS",
        "lowAmount": 9.0,
        "highAmount": 10.0,
        "achBankingRountingNumber": 0,
        "achAllowTransactionType": "Debits",
        "achCompanyAllowType": "Disallow",
        "expirationDate": "2022-07-21",
        "achFilterRemark": "Test Data",
        "achCompanyFilterid": "abcrd238",
        "exceptionItemId": "abcrd238",
        "isModified": "",
        "changeStatus": "None"
      },
      {
        "achFilterStateType": "Active",
        "achCompanyId": "123",
        "achCompanyName": "ABC company",
        "achStandardEntryClassDesc": "POS-Point of Sale",
        "achStandardEntryClass": "POS",
        "lowAmount": 9.0,
        "highAmount": 10.0,
        "achBankingRountingNumber": 0,
        "achAllowTransactionType": "Credits",
        "achCompanyAllowType": "Disallow",
        "expirationDate": "2022-07-21",
        "achFilterRemark": "Test Data",
        "achCompanyFilterid": "abcrd239",
        "exceptionItemId": "abcrd239",
        "isModified": "",
        "changeStatus": "None"
      }
    ],
    "achFilterFields": [
      {
        "description": "FilterStateType",
        "elemCancocctype": [
          {
            "elemConcocvalue": "Active",
            "eleConcocValueDescription": "Active"
          },
          {
            "elemConcocvalue": "Inactive",
            "eleConcocValueDescription": "Inactive"
          }
        ]
      },
      {
        "description": "AllowTransactionType",
        "elemCancocctype": [
          {
            "elemConcocvalue": "Credits",
            "eleConcocValueDescription": "Credits"
          },
          {
            "elemConcocvalue": "Debits",
            "eleConcocValueDescription": "Debits"
          }
        ]
      },
      {
        "description": "CompanyAllowType",
        "elemCancocctype": [
          {
            "elemConcocvalue": "Allow",
            "eleConcocValueDescription": "Allow"
          },
          {
            "elemConcocvalue": "Disallow",
            "eleConcocValueDescription": "Disallow"
          }
        ]
      },
      {
        "description": "StandardEntryClass",
        "elemCancocctype": [
          {
            "elemConcocvalue": "SEC",
            "eleConcocValueDescription": "st Entry Class Code"
          },
          {
            "elemConcocvalue": "TRC",
            "eleConcocValueDescription": "Truncate Entries"
          },
          {
            "elemConcocvalue": "ENR",
            "eleConcocValueDescription": "Automated Enrollment"
          },
          {
            "elemConcocvalue": "ARC",
            "eleConcocValueDescription": "Account Receivable Entry"
          },
          {
            "elemConcocvalue": "BOC",
            "eleConcocValueDescription": "Back Office Conversion"
          },
          {
            "elemConcocvalue": "CIE",
            "eleConcocValueDescription": "Customer Initiated Entries"
          },
          {
            "elemConcocvalue": "POS",
            "eleConcocValueDescription": "Point Of Sale"
          },
          {
            "elemConcocvalue": "POP",
            "eleConcocValueDescription": "Point Of Purchase Entry"
          },
          {
            "elemConcocvalue": "DNE",
            "eleConcocValueDescription": "Death Notification Entries"
          }
        ]
      }
    ]
  }
}