{
    "srchMsgRsHdr": {
        "jXLogTrackingId": "cd36c5ea-afc5-4850-b28d-3be260ed5746",
        "instRtId": "0",
        "instEnv": "2021510",
        "auditUsrId": "JAGILLIAM",
        "auditWsId": "JCZF453",
        "sentRec": 9,
        "moreRec": false,
        "cursor": 0,
        "totRec": 36
    },
    "acctId": "1010",
    "acctType": "GL",
    "gLAcctSrchRecArray":[
        {
            "acctTitle":"FOOD STAMPS",
            "acctId":"",
            "curBal": 1822316965,
            "brCode":"2",
            "brDesc":"Test Branch #2",
            "gLCostCtr": "0",
            "gLProdCode":"0",
            "gLProdDesc":"Default Product Code",
            "gLCostCtrDesc":"Default Cost Center"
        },
        {
            "acctTitle":"FOOD STAMPS",
            "acctId":"",
            "curBal": 8622316965,
            "brCode":"901",
            "brDesc":"Branch #3",
            "gLCostCtr": "0",
            "gLProdCode":"0",
            "gLProdDesc":"Default Product Code",
            "gLCostCtrDesc":"Default Cost Center"
        },
        {
            "acctTitle":"FOOD STAMPS",
            "acctId":"",
            "curBal": 2422318665,
            "brCode":"902",
            "brDesc":"Holding",
            "gLCostCtr": "0",
            "gLProdCode":"0",
            "gLProdDesc":"Default Product Code",
            "gLCostCtrDesc":"Default Cost Center"
        },
        {
            "acctTitle":"FOOD STAMPS",
            "acctId":"",
            "curBal": -1822316965,
            "brCode":"903",
            "brDesc":"Protection",
            "gLCostCtr": "0",
            "gLProdCode":"0",
            "gLProdDesc":"Default Product Code",
            "gLCostCtrDesc":"Default Cost Center"
        }
    ],
    "viewParameter": {
        "viewName": "associated accounts",
        "parameters" : [
            {
                "id": "gLProdCode",
                "isSupported": true,
                 "attributes":{
                    "isHidden": false
                 }
            },
            {
                "id": "gLProdDesc",
                "isSupported": true,
                 "attributes":{
                    "isHidden": false
                 }
            },
            {
                "id": "gLCostCtr",
                "isSupported": true,
                 "attributes":{
                    "isHidden": false
                 }
            },
            {
                "id": "gLCostCtrDesc",
                "isSupported": true,
                 "attributes":{
                    "isHidden": false
                 }
            }
        ]
    }
}
