{
    "srchMsgRsHdr": {
        "jXLogTrackingId": "cd36c5ea-afc5-4850-b28d-3be260ed5746",
        "instRtId": "0",
        "instEnv": "2021510",
        "auditUsrId": "JAGILLIAM",
        "auditWsId": "JCZF453",
        "sentRec": 9,
        "moreRec": false,
        "cursor": 0,
        "totRec": 36
    },
    "acctId": "88880",
    "acctType": "L",
    "eFTCardSrchArray":[
        {
                "eFTCardNum":"411111******1801",
                "embosName": "Marla K Smith",
                "secdEmbosName": "Signature Device",
                "eFTCardStatDesc": "Hot Card",
                "custId":"DAA0001",
                "taxId":"xxx-xx-4551",
                "lastActDt":"2013-11-02",
                "parmValDetail": "Visa"
        }, 
        {
            "eFTCardNum":"562121******0859",
            "embosName": "Marla K hennry",
            "secdEmbosName": "Signature Device",
            "eFTCardStatDesc": "Active",
            "custId":"DAA0007",
            "taxId":"xxx-xx-4551",
            "lastActDt":"2013-11-02",
            "parmValDetail": "Master"
        },
        {
            "eFTCardNum":"411221******1801",
            "embosName": "Raju K vinay",
            "secdEmbosName": "Signature Device",
            "eFTCardStatDesc": "Hot Card",
            "custId":"DAA0004",
            "taxId":"xxx-xx-4551",
            "lastActDt":"2013-11-02",
            "parmValDetail": "Visa"
        },
        {
            "eFTCardNum":"777202******5683",
            "embosName": "Marla K Smith",
            "secdEmbosName": "Signature Device",
            "eFTCardStatDesc": "Active",
            "custId":"DAA0007",
            "taxId":"xxx-xx-4551",
            "lastActDt":"2013-11-02",
            "parmValDetail": "Master"
        },
        {
            "eFTCardNum":"411331******1801",
            "embosName": "Marla K Smith",
            "secdEmbosName": "Signature Device",
            "eFTCardStatDesc": "Hot Card",
            "custId":"DAA0001",
            "taxId":"xxx-xx-4551",
            "lastActDt":"2013-11-02",
            "parmValDetail": "Visa"
        }, 
        {
            "eFTCardNum":"777221******5683",
            "embosName": "Marla K hennry",
            "secdEmbosName": "Signature Device",
            "eFTCardStatDesc": "Active",
            "custId":"DAA0007",
            "taxId":"xxx-xx-4551",
            "lastActDt":"2013-11-02",
            "parmValDetail": "Master"
        },
        {
            "eFTCardNum":"411441******1801",
            "embosName": "Raju K vinay",
            "secdEmbosName": "Signature Device",
            "eFTCardStatDesc": "Hot Card",
            "custId":"DAA0004",
            "taxId":"xxx-xx-4551",
            "lastActDt":"2013-11-02",
            "parmValDetail": "Visa"
        },
        {
            "eFTCardNum":"411551******1801",
            "embosName": "Marla K Smith",
            "secdEmbosName": "Signature Device",
            "eFTCardStatDesc": "Active",
            "custId":"DAA0007",
            "taxId":"xxx-xx-4551",
            "lastActDt":"2013-11-02",
            "parmValDetail": "Master"
        },
        {
            "eFTCardNum":"562112******0859",
            "embosName": "Marla K Smith",
            "secdEmbosName": "Signature Device",
            "eFTCardStatDesc": "Hot Card",
            "custId":"DAA0001",
            "taxId":"xxx-xx-4551",
            "lastActDt":"2013-11-02",
            "parmValDetail": "Visa"
        }, 
        {
            "eFTCardNum":"562113******0859",
            "embosName": "Marla K hennry",
            "secdEmbosName": "Signature Device",
            "eFTCardStatDesc": "Active",
            "custId":"DAA0007",
            "taxId":"xxx-xx-4551",
            "lastActDt":"2013-11-02",
            "parmValDetail": "Master"
        },
        {
            "eFTCardNum":"777222******5683",
            "embosName": "Raju K vinay",
            "secdEmbosName": "Signature Device",
            "eFTCardStatDesc": "Hot Card",
            "custId":"DAA0004",
            "taxId":"xxx-xx-4551",
            "lastActDt":"2013-11-02",
            "parmValDetail": "Visa"
        },
        {
            "eFTCardNum":"411661******1801",
            "embosName": "Marla K Smith",
            "secdEmbosName": "Signature Device",
            "eFTCardStatDesc": "Active",
            "custId":"DAA0007",
            "taxId":"xxx-xx-4551",
            "lastActDt":"2013-11-02",
            "parmValDetail": "Master"
        },
        {
            "eFTCardNum":"411771******1801",
            "embosName": "Marla K Smith",
            "secdEmbosName": "Signature Device",
            "eFTCardStatDesc": "Hot Card",
            "custId":"DAA0001",
            "taxId":"xxx-xx-4551",
            "lastActDt":"2013-11-02",
            "parmValDetail": "Visa"
    }, 
    {
        "eFTCardNum":"562114******0859",
        "embosName": "Marla K hennry",
        "secdEmbosName": "Signature Device",
        "eFTCardStatDesc": "Active",
        "custId":"DAA0007",
        "taxId":"xxx-xx-4551",
        "lastActDt":"2013-11-02",
        "parmValDetail": "Master"
    },
    {
        "eFTCardNum":"411881******1801",
        "embosName": "Raju K vinay",
        "secdEmbosName": "Signature Device",
        "eFTCardStatDesc": "Hot Card",
        "custId":"DAA0004",
        "taxId":"xxx-xx-4551",
        "lastActDt":"2013-11-02",
        "parmValDetail": "Visa"
    },
    {
        "eFTCardNum":"777223******5683",
        "embosName": "Marla K Smith",
        "secdEmbosName": "Signature Device",
        "eFTCardStatDesc": "Active",
        "custId":"DAA0007",
        "taxId":"xxx-xx-4551",
        "lastActDt":"2013-11-02",
        "parmValDetail": "Master"
    },
    {
        "eFTCardNum":"411991******1801",
        "embosName": "Marla K Smith",
        "secdEmbosName": "Signature Device",
        "eFTCardStatDesc": "Hot Card",
        "custId":"DAA0001",
        "taxId":"xxx-xx-4551",
        "lastActDt":"2013-11-02",
        "parmValDetail": "Visa"
    }, 
    {
        "eFTCardNum":"777224******5683",
        "embosName": "Marla K hennry",
        "secdEmbosName": "Signature Device",
        "eFTCardStatDesc": "Active",
        "custId":"DAA0007",
        "taxId":"xxx-xx-4551",
        "lastActDt":"2013-11-02",
        "parmValDetail": "Master"
    },
    {
        "eFTCardNum":"412111******1801",
        "embosName": "Raju K vinay",
        "secdEmbosName": "Signature Device",
        "eFTCardStatDesc": "Hot Card",
        "custId":"DAA0004",
        "taxId":"xxx-xx-4551",
        "lastActDt":"2013-11-02",
        "parmValDetail": "Visa"
    },
    {
        "eFTCardNum":"412211******1801",
        "embosName": "Marla K Smith",
        "secdEmbosName": "Signature Device",
        "eFTCardStatDesc": "Active",
        "custId":"DAA0007",
        "taxId":"xxx-xx-4551",
        "lastActDt":"2013-11-02",
        "parmValDetail": "Master"
    },
    {
        "eFTCardNum":"562115******0859",
        "embosName": "Marla K Smith",
        "secdEmbosName": "Signature Device",
        "eFTCardStatDesc": "Hot Card",
        "custId":"DAA0001",
        "taxId":"xxx-xx-4551",
        "lastActDt":"2013-11-02",
        "parmValDetail": "Visa"
    }, 
    {
        "eFTCardNum":"562116******0859",
        "embosName": "Marla K hennry",
        "secdEmbosName": "Signature Device",
        "eFTCardStatDesc": "Active",
        "custId":"DAA0007",
        "taxId":"xxx-xx-4551",
        "lastActDt":"2013-11-02",
        "parmValDetail": "Master"
    },
    {
        "eFTCardNum":"777225******5683",
        "embosName": "Raju K vinay",
        "secdEmbosName": "Signature Device",
        "eFTCardStatDesc": "Hot Card",
        "custId":"DAA0004",
        "taxId":"xxx-xx-4551",
        "lastActDt":"2013-11-02",
        "parmValDetail": "Visa"
    },
    {
        "eFTCardNum":"413311******1801",
        "embosName": "Marla K Smith",
        "secdEmbosName": "Signature Device",
        "eFTCardStatDesc": "Active",
        "custId":"DAA0007",
        "taxId":"xxx-xx-4551",
        "lastActDt":"2013-11-02",
        "parmValDetail": "Master"
    },
    {
        "eFTCardNum":"414411******1801",
        "embosName": "Marla K Smith",
        "secdEmbosName": "Signature Device",
        "eFTCardStatDesc": "Hot Card",
        "custId":"DAA0001",
        "taxId":"xxx-xx-4551",
        "lastActDt":"2013-11-02",
        "parmValDetail": "Visa"
}, 
{
    "eFTCardNum":"562117******0859",
    "embosName": "Marla K hennry",
    "secdEmbosName": "Signature Device",
    "eFTCardStatDesc": "Active",
    "custId":"DAA0007",
    "taxId":"xxx-xx-4551",
    "lastActDt":"2013-11-02",
    "parmValDetail": "Master"
},
{
    "eFTCardNum":"415511******1801",
    "embosName": "Raju K vinay",
    "secdEmbosName": "Signature Device",
    "eFTCardStatDesc": "Hot Card",
    "custId":"DAA0004",
    "taxId":"xxx-xx-4551",
    "lastActDt":"2013-11-02",
    "parmValDetail": "Visa"
},
{
    "eFTCardNum":"777226******5683",
    "embosName": "Marla K Smith",
    "secdEmbosName": "Signature Device",
    "eFTCardStatDesc": "Active",
    "custId":"DAA0007",
    "taxId":"xxx-xx-4551",
    "lastActDt":"2013-11-02",
    "parmValDetail": "Master"
},
{
    "eFTCardNum":"416611******1801",
    "embosName": "Marla K Smith",
    "secdEmbosName": "Signature Device",
    "eFTCardStatDesc": "Hot Card",
    "custId":"DAA0001",
    "taxId":"xxx-xx-4551",
    "lastActDt":"2013-11-02",
    "parmValDetail": "Visa"
}, 
{
    "eFTCardNum":"777227******5683",
    "embosName": "Marla K hennry",
    "secdEmbosName": "Signature Device",
    "eFTCardStatDesc": "Active",
    "custId":"DAA0007",
    "taxId":"xxx-xx-4551",
    "lastActDt":"2013-11-02",
    "parmValDetail": "Master"
},
{
    "eFTCardNum":"417711******1801",
    "embosName": "Raju K vinay",
    "secdEmbosName": "Signature Device",
    "eFTCardStatDesc": "Hot Card",
    "custId":"DAA0004",
    "taxId":"xxx-xx-4551",
    "lastActDt":"2013-11-02",
    "parmValDetail": "Visa"
},
{
    "eFTCardNum":"418811******1801",
    "embosName": "Marla K Smith",
    "secdEmbosName": "Signature Device",
    "eFTCardStatDesc": "Active",
    "custId":"DAA0007",
    "taxId":"xxx-xx-4551",
    "lastActDt":"2013-11-02",
    "parmValDetail": "Master"
},
{
    "eFTCardNum":"562118******0859",
    "embosName": "Marla K Smith",
    "secdEmbosName": "Signature Device",
    "eFTCardStatDesc": "Hot Card",
    "custId":"DAA0001",
    "taxId":"xxx-xx-4551",
    "lastActDt":"2013-11-02",
    "parmValDetail": "Visa"
}, 
{
    "eFTCardNum":"562119******0859",
    "embosName": "Marla K hennry",
    "secdEmbosName": "Signature Device",
    "eFTCardStatDesc": "Active",
    "custId":"DAA0007",
    "taxId":"xxx-xx-4551",
    "lastActDt":"2013-11-02",
    "parmValDetail": "Master"
},
{
    "eFTCardNum":"777228******5683",
    "embosName": "Raju K vinay",
    "secdEmbosName": "Signature Device",
    "eFTCardStatDesc": "Hot Card",
    "custId":"DAA0004",
    "taxId":"xxx-xx-4551",
    "lastActDt":"2013-11-02",
    "parmValDetail": "Visa"
},
{
    "eFTCardNum":"419911******1801",
    "embosName": "Marla K Smith",
    "secdEmbosName": "Signature Device",
    "eFTCardStatDesc": "Active",
    "custId":"DAA0007",
    "taxId":"xxx-xx-4551",
    "lastActDt":"2013-11-02",
    "parmValDetail": "Master"
}
    ]
}
